source,destination,statusCode
/about-us,/about,301
/about-us/,/about,301
/meet-the-team,/about,301
/meet-the-team/,/about,301
/whoweare,/about,301
/whoweare/,/about,301
/whatwedo,/services,301
/whatwedo/,/services,301
/why-us,/results,301
/why-us/,/results,301
/contact-us,/contact,301
/contact-us/,/contact,301
/book-a-call,/contact,301
/book-a-call/,/contact,301
/our-office,/contact,301
/our-office/,/contact,301
/asa,/services,301
/asa/,/services,301
/ati,/services,301
/ati/,/services,301
/blog,/resources,301
/blog/,/resources,301
/insights,/resources,301
/insights/,/resources,301
/insights/page/2,/resources,301
/insights/page/2/,/resources,301
/insights/page/3,/resources,301
/insights/page/3/,/resources,301
/customer-life-cycle,/services/retention-marketing,301
/customer-life-cycle/,/services/retention-marketing,301
/case-study,/results,301
/case-study/,/results,301
/category/clients,/resources,301
/category/clients/,/resources,301
/category/marketing,/resources,301
/category/marketing/,/resources,301
/category/marketing/page/2,/resources,301
/category/marketing/page/2/,/resources,301
/category/news,/resources,301
/category/news/,/resources,301
/category/news/page/2,/resources,301
/category/news/page/2/,/resources,301
/author/adminturnkey,/resources,301
/author/adminturnkey/,/resources,301
/author/carrie-lynn,/resources,301
/author/carrie-lynn/,/resources,301
/author/infoturnkeyautomarketing-com,/resources,301
/author/infoturnkeyautomarketing-com/,/resources,301
/author/michael,/resources,301
/author/michael/,/resources,301
/author/michael/page/2,/resources,301
/author/michael/page/2/,/resources,301
/author/michael/page/3,/resources,301
/author/michael/page/3/,/resources,301
/portfolio_category/content-strategy,/results,301
/portfolio_category/content-strategy/,/results,301
/portfolio_category/customer-experience,/results,301
/portfolio_category/customer-experience/,/results,301
/portfolio_category/digital-strategy,/results,301
/portfolio_category/digital-strategy/,/results,301
/portfolio_category/local-marketing,/results,301
/portfolio_category/local-marketing/,/results,301
/faq-items,/#home-faq-list,301
/faq-items/,/#home-faq-list,301
/faq-page-1,/#home-faq-list,301
/faq-page-1/,/#home-faq-list,301
/privacy,/privacy-policy,301
/privacy/,/privacy-policy,301
/terms,/terms-of-service,301
/terms/,/terms-of-service,301
/terms-and-conditions,/terms-of-service,301
/terms-and-conditions/,/terms-of-service,301
/services/facebook-ads,/services/social-media-marketing,301
/services/facebook-ads/,/services/social-media-marketing,301
/services/newsletters,/services/retention-marketing,301
/services/newsletters/,/services/retention-marketing,301
/services/newsletters/e-newsletters,/services/retention-marketing,301
/services/newsletters/e-newsletters/,/services/retention-marketing,301
/services/newsletters/physical-newsletters,/services/retention-marketing,301
/services/newsletters/physical-newsletters/,/services/retention-marketing,301
/services/the-marketing-engine,/services/vip-marketing-manager,301
/services/the-marketing-engine/,/services/vip-marketing-manager,301
/auto-repair-shop-photography,/resources/auto-repair-shop-photography-guide,301
/auto-repair-shop-photography/,/resources/auto-repair-shop-photography-guide,301
/be-the-guide,/resources/be-the-guide-auto-repair-shop-messaging,301
/be-the-guide/,/resources/be-the-guide-auto-repair-shop-messaging,301
/create-customer-profile-auto-repair-shop,/resources/ideal-customer-profile-auto-repair-shop,301
/create-customer-profile-auto-repair-shop/,/resources/ideal-customer-profile-auto-repair-shop,301
/use-this-magical-three-word-filter-to-woo-customers-to-your-auto-repair-shop,/resources/know-like-trust-marketing-filter,301
/use-this-magical-three-word-filter-to-woo-customers-to-your-auto-repair-shop/,/resources/know-like-trust-marketing-filter,301
/how-to-create-a-winning-marketing-plan-for-your-auto-repair-shop,/resources/auto-repair-marketing-plan,301
/how-to-create-a-winning-marketing-plan-for-your-auto-repair-shop/,/resources/auto-repair-marketing-plan,301
/joe-flammer-ratchet-wrench,/resources/direct-mail-for-repair-shops,301
/joe-flammer-ratchet-wrench/,/resources/direct-mail-for-repair-shops,301
/two-keys-auto-repair-shop-message,/resources/be-the-guide-auto-repair-shop-messaging,301
/two-keys-auto-repair-shop-message/,/resources/be-the-guide-auto-repair-shop-messaging,301
/celebrating-10-years-of-turnkey-marketing,/about,301
/celebrating-10-years-of-turnkey-marketing/,/about,301
/about/,/about,301
/services/,/services,301
/results/,/results,301
/resources/,/resources,301
/contact/,/contact,301
/privacy-policy/,/privacy-policy,301
/terms-of-service/,/terms-of-service,301
/services/vip-marketing-manager/,/services/vip-marketing-manager,301
/services/directtrack-marketing/,/services/directtrack-marketing,301
/services/marketing-consulting/,/services/marketing-consulting,301
/services/direct-mail/,/services/direct-mail,301
/services/social-media-marketing/,/services/social-media-marketing,301
/services/retention-marketing/,/services/retention-marketing,301
/services/digital-marketing/,/services/digital-marketing,301
/services/boost-days/,/services/boost-days,301
/resources/auto-repair-marketing-ideas/,/resources/auto-repair-marketing-ideas,301
/resources/ai-search-for-auto-repair-shops/,/resources/ai-search-for-auto-repair-shops,301
/resources/auto-repair-advertising/,/resources/auto-repair-advertising,301
/resources/ideal-customer-profile-auto-repair-shop/,/resources/ideal-customer-profile-auto-repair-shop,301
/resources/auto-repair-shop-photography-guide/,/resources/auto-repair-shop-photography-guide,301
/photos/,/photos,301
/resources/be-the-guide-auto-repair-shop-messaging/,/resources/be-the-guide-auto-repair-shop-messaging,301
/resources/know-like-trust-marketing-filter/,/resources/know-like-trust-marketing-filter,301
/resources/5-marketing-mistakes-shop-owners-make/,/resources/5-marketing-mistakes-shop-owners-make,301
/resources/direct-mail-for-repair-shops/,/resources/direct-mail-for-repair-shops,301
/resources/auto-repair-marketing-plan/,/resources/auto-repair-marketing-plan,301
/resources/why-auto-repair-marketing-breaks/,/resources/why-auto-repair-marketing-breaks,301
/resources/jason-smith-marketing-plan/,/resources/jason-smith-marketing-plan,301
/ai-visibility-scan/,/ai-visibility-scan,301
/who-we-help/european-auto-repair-shops/,/who-we-help/european-auto-repair-shops,301
/who-we-help/multi-location-auto-repair-shops/,/who-we-help/multi-location-auto-repair-shops,301
