post,filename,pillar,on_image_copy,caption,cta,source_asset,format
1,01-marketing-that-knows-auto-repair.png,AUTO REPAIR MARKETING,Marketing that knows your auto repair shop.,"Auto repair marketing works better when the people running it understand the shop. Turnkey connects strategy, execution, and reporting so your next move is clear.",Learn more at turnkeymarketing.us,public/site-media/hero-thunderbird-shop.webp,1080x1080 PNG
2,02-more-calls-more-cars-more-revenue.png,THE TURNKEY OUTCOME,More calls. More cars. More revenue.,"The goal is not more marketing activity. It is more of the right calls, more booked cars, and more revenue — with a team that owns the work.",Learn more at turnkeymarketing.us,public/site-media/pearson-auto-repair-shop.webp,1080x1080 PNG
3,03-300-shops-served.png,BUILT FOR SHOP OWNERS,auto repair shops served across the U.S.,More than 300 auto repair shops have trusted Turnkey with their marketing. Every market is different; the playbook should still be built for the realities of a repair shop.,Learn more at turnkeymarketing.us,public/site-media/thunderbird-team.webp,1080x1080 PNG
4,04-13-years-one-industry.png,AUTO REPAIR ONLY,years focused on one industry.,"For 13+ years, Turnkey has focused on auto repair. That context helps us ask better questions, spot problems faster, and build plans shop owners can actually use.",Learn more at turnkeymarketing.us,public/site-media/team-turnkey-2025.webp,1080x1080 PNG
5,05-outside-marketing-department.png,VIP MARKETING MANAGER,Your marketing department. Without the payroll.,"VIP Marketing Manager brings strategy, creative, execution, vendor coordination, and reporting together under one accountable team.",Learn more at turnkeymarketing.us,Brand shapes and typography,1080x1080 PNG
6,06-testimonial-len-pritchett.png,SERVICE SPOTLIGHT,They take care of everything.,"‘They take care of everything.’ That is the standard: fewer loose ends, fewer vendors to chase, and a clear plan someone owns.",Learn more at turnkeymarketing.us,public/images/clients/len-pritchett.jpeg,1080x1080 PNG
7,07-testimonial-jason-smith.png,SERVICE SPOTLIGHT,One of the best investments I have made in my company.,Marketing should feel like an investment you can defend — not another line item you hope is working.,Learn more at turnkeymarketing.us,public/images/clients/jason-smith.jpg,1080x1080 PNG
8,08-testimonial-steve-killian.png,SERVICE SPOTLIGHT,"We got to $300,000/month within one year at a brand new shop.","A new location needs more than awareness. It needs coordinated demand, follow-through, and a plan that can adapt as the shop ramps.",Learn more at turnkeymarketing.us,public/images/clients/steve-killian.jpeg,1080x1080 PNG
9,09-torque-european-growth.png,CLIENT RESULT,year-over-year revenue growth.,A measurable growth story from Torque European: 130% year-over-year revenue growth. Every shop and market is different; client results vary.,Learn more at turnkeymarketing.us,public/site-media/proof/torque-european-growth.png,1080x1080 PNG
10,10-auto-medics-growth.png,CLIENT RESULT,cars — plus $300k revenue after onboarding.,Auto Medics crossed 500 cars and $300k in revenue after onboarding. A strong result tied to coordinated execution. Client results vary.,Learn more at turnkeymarketing.us,public/site-media/proof/auto-medics-growth.png,1080x1080 PNG
11,11-sports-car-shop-growth.png,CLIENT RESULT,monthly revenue crossed for the first time.,The Sports Car Shop crossed $200k in monthly revenue for the first time after onboarding. Client results vary.,Learn more at turnkeymarketing.us,public/site-media/proof/sports-car-shop-growth.png,1080x1080 PNG
12,12-review-growth.png,REPUTATION RESULT,reviews per month — up from 1-2.,Chris Matthews Automotive moved from 1-2 reviews a month to 15-20. Reputation growth gets easier when the process becomes consistent. Client results vary.,Learn more at turnkeymarketing.us,public/site-media/proof/chris-matthews-reviews.png,1080x1080 PNG
13,13-service-vip-marketing-manager.png,SERVICE SPOTLIGHT,VIP Marketing Manager,Need the strategy and the execution? VIP Marketing Manager gives your shop an outside marketing department without building one in-house.,Learn more at turnkeymarketing.us,public/images/services/vip-marketing-manager-hero.jpg,1080x1080 PNG
14,14-service-directtrack-marketing.png,SERVICE SPOTLIGHT,DirectTrack Marketing,DirectTrack combines precision targeting with transparent ROI reporting so new-customer acquisition is easier to evaluate.,Learn more at turnkeymarketing.us,public/images/services/directtrack-marketing-hero.jpg,1080x1080 PNG
15,15-service-direct-mail.png,SERVICE SPOTLIGHT,Direct Mail,"Direct mail is strongest when design, list strategy, timing, offers, and follow-up are planned as one campaign — not separate print jobs.",Learn more at turnkeymarketing.us,public/images/services/direct-mail-mailbox.png,1080x1080 PNG
16,16-service-social-media.png,SERVICE SPOTLIGHT,Social Media Marketing,"Consistency matters. Turnkey keeps Facebook, Instagram, and Google Business Profile content moving while supporting comments and reviews.",Learn more at turnkeymarketing.us,public/images/services/social-media-marketing-hero.jpg,1080x1080 PNG
17,17-service-retention-marketing.png,SERVICE SPOTLIGHT,Retention Marketing,"Acquisition gets the first visit. Retention earns the next one. Build a steady rhythm across newsletters, thank-you messages, and CRM follow-up.",Learn more at turnkeymarketing.us,public/images/services/retention-marketing-hero.jpg,1080x1080 PNG
18,18-service-digital-marketing.png,SERVICE SPOTLIGHT,Digital Marketing,"Local visibility is a system: reviews, Google Business Profile, your website, and your vendors all need to reinforce one another.",Learn more at turnkeymarketing.us,public/images/services/digital-marketing-hero.jpg,1080x1080 PNG
19,19-service-boost-days.png,SERVICE SPOTLIGHT,Boost Days,"When the schedule needs support, a focused campaign can move faster than a long rebuild. Boost Days coordinate the message across the channels that matter.",Learn more at turnkeymarketing.us,public/images/services/boost-days-hero.jpg,1080x1080 PNG
20,20-service-marketing-consulting.png,SERVICE SPOTLIGHT,Marketing Consulting,"Sometimes you do not need another vendor. You need an experienced set of eyes on what to change, start, stop, or keep.",Learn more at turnkeymarketing.us,public/images/services/marketing-consulting-hero.jpg,1080x1080 PNG
21,21-keep-fix-stop-run-next.png,CLEAR NEXT MOVES,"Know what to keep, fix, stop funding, and run next.",A useful marketing report should answer four questions: What do we keep? What do we fix? What do we stop funding? What do we run next?,Learn more at turnkeymarketing.us,public/site-media/marketing-plan.webp,1080x1080 PNG
22,22-empty-bays-are-expensive.png,DEMAND + CAPACITY,Empty bays are expensive.,Do not wait for empty bays to start thinking about demand. Strong marketing gives the shop more control over timing and customer mix.,Learn more at turnkeymarketing.us,public/site-media/pearson-auto-repair-bays.webp,1080x1080 PNG
23,23-booked-cars-not-clicks.png,MEASURE WHAT MATTERS,Clicks don't pay the bills. Booked cars do.,"Clicks can be useful, but they are not the finish line. Track the path from spend to calls, booked appointments, car count, and revenue.",Learn more at turnkeymarketing.us,Brand shapes and typography,1080x1080 PNG
24,24-google-business-profile.png,LOCAL VISIBILITY,Your Google Business Profile is your digital front door.,"For many customers, your Google Business Profile is the first impression of the shop. Treat it like a front door: current, credible, and easy to trust.",Learn more at turnkeymarketing.us,public/images/services/digital-marketing-hero.jpg,1080x1080 PNG
25,25-direct-mail-targeting.png,DIRECT MAIL,Direct mail isn't dead. Bad targeting is.,"Direct mail still works when the list, offer, timing, and follow-up are precise. The channel is not the strategy — the plan is.",Learn more at turnkeymarketing.us,public/images/resources/direct-mail-still-works-v2.jpg,1080x1080 PNG
26,26-retention-protects-acquisition.png,RETENTION,Retention protects what acquisition costs.,You already paid to earn the customer. Retention marketing helps protect that investment and gives people a reason to return.,Learn more at turnkeymarketing.us,public/images/services/retention-marketing-hero.jpg,1080x1080 PNG
27,27-track-the-right-metrics.png,HONEST REPORTING,"Track calls, booked appointments, and revenue.","A report full of impressions can still hide the truth. Useful reporting follows calls, booked appointments, repair-order quality, and revenue.",Learn more at turnkeymarketing.us,Brand shapes and typography,1080x1080 PNG
28,28-marketing-plan-next-move.png,SHOP-SPECIFIC STRATEGY,A marketing plan should make the next move obvious.,"The best plan is not the biggest one. It is the plan that fits your market, current capacity, goals, and ideal customer mix.",Learn more at turnkeymarketing.us,public/images/resources/auto-repair-marketing-plan-v2.jpg,1080x1080 PNG
29,29-well-take-it-from-here.png,ONE ACCOUNTABLE TEAM,We'll take it from here.,Shop owners should not have to become full-time marketing managers. Turnkey owns the moving pieces so you can stay focused on the shop.,Learn more at turnkeymarketing.us,public/site-media/team-turnkey-2025.webp,1080x1080 PNG
30,30-book-a-consultation.png,READY FOR A CLEARER PLAN?,Get marketing off your plate.,Ready for a clearer marketing plan and one team to own the execution? Book a consultation at turnkeymarketing.us.,Book a consultation at turnkeymarketing.us,Brand shapes and typography,1080x1080 PNG
